{
  "TOTAL_TIME": 16061.740515232086,
  "AVG_TIME": 1147.2671796594348,
  "MAX_GPU_MEM_MB": 1540.48,
  "DATASET_COUNT": 14
}