{
  "PRECISION": 0.16911600788819342,
  "RECALL": 0.6421409037635109,
  "F1": 0.2677235893746691,
  "AUPR_MEAN": 0.32837750770406576,
  "AUPR_STD": 0.2758368105797464,
  "TP": 9862,
  "TN": 83240,
  "FP": 48453,
  "FN": 5496,
  "TOTAL_DATASETS": 14
}