{
  "TOTAL_TIME": 31957.04306578636,
  "AVG_TIME": 2282.6459332704544,
  "MAX_GPU_MEM_MB": 371.06,
  "DATASET_COUNT": 14
}